Alanine,Arginine,Aspartic acid,Citrulline,Cysteine,Glutamic acid,Glutamine,Glycine,Histidine,Homoserine,Isoleucine,Leucine,Lysine,Methionine,Ornithine,Phenylalanine,Proline,Serine,Threonine,tryptophan,Tyrosine,Valine,a-Tocopherol,Glutathione reduced,Vanillic acid,Arachidic acid,Linoleic acid,Linolenic acid,Palmitic acid,Pentadecanoic acid,Stearic acid,Adenine,Adenosine,AMP,Cytidine,Cytosine,Guanine,Guanosine,Inosine,Thymine,uracil,Uridine,Xanthine,benzoic acid,Caffeic acid,Citric acid,lactic acid,malic acid,p-coumaric acid,Pyruvic acid,Salicyllic acid,succinic acid,Riboflavin,Thiamine,Nicotinamide riboside,Pantothenic acid,Pyridoxine,Pyridoxal,Nicotinic acid,Nicotinamide,Fructose,Glucose/Galactose,Mannose,Ribitol/Xylitol,Ribose,Sucrose,Xylose/Arabinose
0.9934837540692997,1.0000000000000002,0.5827624338284147,1.0,0.7897712756497726,0.7150455727001077,0.9363352680552439,0.6006471438904178,0.9999999999999998,0.795250646693888,0.8891506545817396,0.597189188321164,0.3460076330793391,0.16695103470889916,0.31426548732313875,0.8737554765530737,0.24303325170430146,0.5819453813119455,0.7960031468125615,0.7006812112276023,0.0737446684261603,0.8753512089549382,0.03600332686703653,0.13692056789640514,1.0,0.15224917113792602,0.061737684264354206,0.0228758350654953,0.03431859907444278,0.09509706715444652,0.14811568444605183,0.15829431814633513,0.5344484078951799,0.671935211407778,0.4136977669270223,0.040680077722537594,0.17079840646052039,0.46317168528316194,0.5518869526315366,0.4872353329693846,0.06107681464461501,0.3350776960927922,0.30586362339576234,0.2935670799648017,0.1286322377394314,0.4166675442041654,1.0,0.4052680838191704,0.8526811130523798,0.3145696594119892,0.7536611315734982,0.3683487030357565,0.348700313014514,0.09294539126244111,0.0,0.8316703730162999,0.5173378798816846,0.02264747286315638,0.06677493985718835,0.6787632723304566,0.31755334886446684,0.3173847475728451,0.31755300366792233,0.24650155300511623,0.15644376710020708,0.32926651398745,0.16065468673420852
0.8001647956535288,0.11694016769227528,0.5747037852299368,0.12455132818812614,0.28250612565768235,0.5794832629988962,0.42814859093905905,0.6841050596878389,0.29421121077320544,0.28305884344101595,0.423978893323225,0.693181052870308,0.6140530585243402,0.269499674758531,0.5003047953029488,0.7342687388469037,0.5224077676055354,0.3319462154587989,0.2846776245008469,0.5211158031884001,0.16686019373408312,0.5851517552142962,0.5654869069745013,0.047242006695508564,0.31376837214870446,0.14146226312275925,0.1049875276054351,0.11356076113246309,0.17200222588395786,0.14995314978578747,0.3792532864425585,0.39832980510728533,0.6780908038442489,0.05173799050765438,0.7659818961161277,0.4570525043092247,0.48244671909292114,0.7699318528647983,0.6949306742523724,0.49682866550508464,0.21172674795946744,0.43463714419084704,0.19842664484455616,0.0,0.17023611584261475,0.49538689855981766,0.9544904108243488,0.5811980152640761,0.36677833923277003,0.44943613511956704,0.415206118388462,0.5782790804896267,0.7807118637280165,0.05099556060805423,0.6867933856194168,0.5051517723287017,0.7343848042091039,0.1535953022050221,0.18097642581218526,0.2958258631537874,0.0,0.0,0.0,0.8270429418236633,1.0,0.189047423606988,1.0
0.7421792382820879,0.6305092025068704,0.5681449225003032,0.6501334284932891,0.5832802864895366,0.6009113630190273,0.7237324413627864,0.9463798193238747,0.41933504966230195,0.5394936411167798,0.44492251901630475,0.427747993879918,0.2763766189985991,0.13654255840847734,0.4542866935397888,0.448904576970928,0.34529735981970655,0.33708740334927334,0.541023804547804,0.3125172929729426,0.060735568328705705,0.5155900674644377,0.09170210098052081,0.24940482091400215,0.634421567472224,0.19185816810437567,0.20788839196012293,0.21429237004813145,0.11686184995161354,0.12030074790459797,0.02745322782363696,0.4272150456132744,0.7980132334004197,0.2424607941103541,0.9607325711237629,0.0,0.4200939862560442,0.9533114431586953,0.8020966591477222,1.0,0.42037871205784305,0.5557190309682147,0.2545728731314393,0.48974617632038997,0.16127963670959422,0.6295524234646309,0.5951593826548969,0.6102366653234663,0.6321504198559845,0.5244821150132115,0.5420668390674616,0.5505409125569752,0.6266233611578857,0.09709548857627354,0.025095586450094243,0.5546460200371306,0.36936288057398325,0.02134785595617142,0.13003135930801585,0.6085114895526018,0.42084214442383905,0.41986532401965865,0.42051534382353845,0.13919254458517005,0.04303117757643707,0.2501592794428593,0.05655372062881736
0.9439941352219742,0.8980136416335465,1.0,0.8758357677296251,1.0,0.7729995523847704,0.7530105553086823,0.5938704950469901,0.7124957886092567,1.0,0.6578871308179246,0.5843547941574295,0.25905092155832155,0.6165303937096989,0.14956293204816562,0.8623625499950311,0.522328422641291,0.7209689087307602,1.0,0.7729629574271164,0.4764609355479133,1.0,0.038793288735218534,0.4894631194896894,0.23545748908459196,0.19858580615540528,0.2669841245429863,0.11780595147062055,0.19287429625521746,0.23818841573945002,0.12033940728541608,0.4694021876250514,0.7668755196931639,0.377874565035026,0.7240902070857861,0.3989586100455542,0.2579066402406968,0.8153982968742843,0.7902989452154192,0.6767597394675935,0.5395274452712909,0.7533751210274009,0.7036096892767885,0.09707364329543122,0.02089046873631354,0.0680834612760805,0.2402090217218695,0.08615448048745006,0.007168915120876425,0.13927213532775534,0.3207921696855899,0.006533269919932333,0.467853595635212,0.28875589316981737,0.17102534612010395,1.0,0.4064777631601255,0.0,0.49517784291057837,0.6733566760911047,0.3115412664036702,0.31135172148116513,0.3115409239048989,0.1443593322928602,0.12723819249034835,0.417470589843675,0.13159490243772892
0.0,0.33351683957749384,0.0,0.3410868059151589,0.0,0.0,0.0,0.0,0.0,0.0,0.0,0.0,0.006829979528882424,0.0,0.0,0.0,0.0,0.0,0.0,0.0,0.0,0.0,0.008513885039884345,0.0,0.29068315808433665,0.0,0.0,0.0,0.0,0.0,0.19463969933641212,0.0,0.0,0.0038915305311116137,0.0,0.39623022380974793,0.0,0.0,0.0,0.8660897781438468,0.10683181368597527,0.0,0.03393437577766034,0.16117941049841966,0.02818473362806553,0.0,0.0,0.0,0.0938369262686592,0.09832393621072784,0.0654736090228048,0.0,0.0,1.0,0.3923849288622488,0.0,0.8193163325950161,0.06978728247787072,0.0,0.16020931487584245,0.0947106242141027,0.0946440730353943,0.09471047287831708,0.11415853398313092,0.0,0.38240710794075816,0.004991865947722773
0.686623361148278,0.41535690914161555,0.4553598012210093,0.42007643463282646,0.47063903522919953,0.5939711634553664,0.7559126287570621,0.6742797974130834,0.44919891201766315,0.4696969042832796,0.36345319934267795,0.5271033986255659,0.5365746240391704,0.17747391538038831,0.30059528826718285,0.4918664084305777,0.3631534751078418,0.19746612877351666,0.4713323975280004,0.3919529274760305,0.05536068918526847,0.40961951175899347,0.28326152588060016,0.0629761165155922,0.04337917320938578,0.183711350537133,0.2697677396370361,0.3141156650086516,0.22964198538110991,0.12946542816264803,0.14334119396323675,0.43646472195986025,0.6184963063574327,0.06949032264612506,0.8341605223193902,1.0,0.2843684064282284,0.7876005034051903,0.6094638481110223,0.36891916083647835,0.26229341709452214,0.37747863645491636,0.2160405871512903,0.10013463418176138,0.2704697782474414,0.5249829439007913,0.18752757866293626,0.4998081232894201,0.4343138417959627,0.4093617831374426,0.1942662032677154,0.5902557970268592,0.9299151430603428,0.06497770782173395,0.3213807536219229,0.38253134523274035,0.48878735550466357,0.13779673892402156,0.17742916782479695,0.19504696984755632,0.34937123225288325,0.3491915905944855,0.349370874854457,1.0,0.8822501680491401,0.5969833683248212,0.787987385585184
0.768003127253105,0.9534038657832555,0.5858148482983556,0.9433399651008292,0.5665852926383292,1.0,1.0,0.6413340575548934,0.594475218983407,0.5670156949575804,0.551558208601537,0.5146491801556041,0.279595013636726,0.14220524591905281,0.3739045168547136,0.7482252992667197,0.20879616977938387,0.23818237596446423,0.560818686199066,0.6053281293088685,0.05651579746009043,0.5604731462773751,0.0,0.08285350996403185,0.14377607303871331,0.1544948569403659,0.06632691107202139,0.08325145848703212,0.0017948137270203668,0.11377278797369908,0.08203348425487096,0.1638343456602762,0.44645149911717197,0.10688304357504799,0.4738279416594532,0.3586659550765229,0.23497813778256738,0.4548522827316393,0.45429488137116736,0.6360653962220892,0.1615060473647394,0.3373062962456403,0.30782045716840556,0.5467872676917486,0.18095232151534196,0.7108218022455594,0.08289624351466535,0.6971948501426057,0.6646191110110049,0.6599283715546109,0.8219832023975456,0.7967005789596104,0.47568064407609134,0.015693388768574002,0.010093072387515833,0.5454066599196677,0.6558718300240538,0.03799044200292198,0.03482550650928137,0.585104205635345,0.5956916926751675,0.5875063540545413,0.5877207645305864,0.48444561206820974,0.3554193328162328,0.8509607274569351,0.3586369930993068
0.7998755189758396,0.2549528558658409,0.6740839146150759,0.2611463108867446,0.4566775646565347,0.681802284868442,0.6693197360111649,0.48650995596762114,0.2223859595253448,0.42487175240296926,0.19000115464872339,0.506744261247136,0.3471060845427013,0.11978507860651161,0.18456120555059352,0.4989268935835375,0.5435074046099904,0.2303623907754383,0.4265473492777381,0.335130220490533,0.023772983102407455,0.570587507267345,0.3311221324231137,0.08726851022542198,0.028867660938990264,0.3223674021722672,0.31639241181607564,0.369475252948537,0.3346166687955728,0.22096805424135854,0.3029427943669371,0.3417433981015672,0.5801025478616949,0.08103985757801893,0.775463128972523,0.14701592459058474,0.32662108166866205,0.7221751369856839,0.5880894398001792,0.13712994890934382,0.22648679404644234,0.37823187391313556,0.14448960258170482,0.383769271937218,0.2567929073707374,1.0,0.26237908808868404,1.0,0.6653725766019819,0.9999999999999998,0.7617452038691604,0.9999999999999999,0.9999999999999999,0.042740463181454774,0.326913399260999,0.3345808338948244,0.4271862450041586,0.13044882348606418,0.1203555054804421,0.18094247009491077,0.12597657461839207,0.12550230092299092,0.12597638332905142,0.740070918578605,0.4470012967757328,0.6394232356261387,0.3803836292793525
0.871098067798776,0.0,0.2043609921242071,0.0,0.199913799055553,0.2084181100332101,0.17557053928304706,0.8145781484940028,0.021244394287183277,0.20134794251278842,0.09710753654077664,0.6014607250209565,0.43613626443840126,0.22972835346596987,0.22507426123883345,0.646426569461178,0.5507877849430235,0.16603466339731088,0.20509865813207484,0.3735499891138444,0.10347321966769794,0.6731159619998561,1.0,0.02592672197443216,0.0,1.0,0.9999999999999999,1.0,1.0,1.0,0.9999999999999999,1.0,0.8063572679618912,0.16910327506167505,1.0,0.6344836222345254,1.0,0.9591648152597683,0.8325415198788896,0.15715639805871096,0.5409608312521824,0.6788897666656064,0.4312758648955518,0.9528232183382338,0.1089429016315004,0.48402237531079917,0.6331661940614394,0.7677247473900939,0.2866883704324673,0.6164404975201947,0.2504766759958875,0.5520834311582107,0.7321142690795294,0.011111254309483131,1.0,0.3742662616697381,0.28295571232937167,0.20607836961162346,0.47617849710542187,0.019629990318543983,0.4038663619445749,0.40367497893799115,0.40386599145751684,0.30318115862135253,0.11270877354827663,0.20459529627228457,0.11713801240731297
0.5510423776828749,0.13558791801173753,0.25939047989674147,0.1411858921019809,0.31944074162792074,0.48446438725746077,0.27531194208424575,0.7263706768125118,0.3418789201169583,0.28091888108346263,0.29468048453329654,0.7321109322376924,1.0,0.644994375901346,0.5141453621032274,0.7063151176183569,0.9005646577632446,0.17156006932360757,0.28359180452030064,0.39766939882244534,0.35802969057749134,0.6607194249980846,0.8359422809514758,0.19806136514525177,0.2005272954049941,0.18664528323545682,0.3910373082608192,0.28236855977495334,0.36020197100388146,0.40211233515592115,0.2916295740407115,0.4705640454896551,0.5867386794981507,0.13465445689139457,0.6745502024844372,0.3035606624020051,0.16470792518834115,0.7433326624214196,0.6197038949955113,0.0,0.24052735492964217,0.3428311425762311,0.04879021678990372,0.17694297976780682,0.08779402947441074,0.2276299775508672,0.07970228068275798,0.24868375417548966,0.3035582895425027,0.2957317872748134,0.24038990608709895,0.18440206214615681,0.5400815140548726,0.10378947315480261,0.7604826567245337,0.38968911430504327,0.5020100805158978,0.11499228678701612,0.19664774627291676,0.02033076185810495,0.5154822511756485,0.5152626073244604,0.5154818824054339,0.5351386633371396,0.10434952552289523,1.0,0.24769033790652578
0.7989542837523741,0.2888058072415512,0.48930902886844285,0.28953488184883486,0.7779636926361009,0.7925301291574467,0.7376715652948265,1.0,0.9498754303316945,0.8137792049245165,0.6368607199641017,0.7313715885827994,0.7669939811307109,0.5856262433033919,0.47783509094541576,0.9876592203784094,1.0,0.5356358522231363,0.8145298386735969,0.7494531320069594,0.5206577371403605,0.8654425004066373,0.28195746443436676,1.0,0.2851343952744132,0.21746324366514475,0.3335741239367364,0.25886687693526994,0.2314216948217922,0.27155904780014395,0.20188104095316323,0.4096496588838156,0.6157241004041272,1.0,0.5547456155734583,0.1965162164430043,0.19061685872069997,0.6829514926850131,0.6280871087239192,0.2623648433456989,0.18739752377941588,0.4442695935972449,0.12943965016086492,0.10093556606579457,0.17330259839954548,0.1826520854381046,0.16511183026284368,0.23385538415946255,0.38107044258025746,0.2398714073476032,0.15226334416084839,0.1728948464554241,0.5506843238203833,0.19181353548627983,0.3651025903200292,0.8087259542612549,0.5346739877749613,0.03653767266079777,0.23228726937534694,0.2629090121769893,0.6533369501862526,0.6531215872986591,0.6533366310788156,0.2242728131862114,0.13055028405922525,0.6191841182797135,0.134890460489487
0.36769247487459245,0.2355109845667162,0.38974096203071995,0.24562264275440754,0.30742867427166204,0.1436003255522369,0.41077950343979647,0.705988367764768,0.5236603417208934,0.2606642470152516,0.5124882408560097,0.4257098576381547,0.36496786861130837,0.6517514679912566,0.5205296391596973,0.3829129189510818,0.5868281899398735,0.23768987893842186,0.26253480567134624,0.24803630538083002,0.294370607526319,0.36637811025063727,0.4548550752213013,0.019127860590511123,0.3224150907477188,0.11689751513557511,0.3162480417542391,0.207745921562611,0.29180004875963,0.18784406783486016,0.28404618666769166,0.3045256555236255,0.31183100571427697,0.0,0.32885294229497286,0.12539546205793903,0.14791588489256938,0.38957106249662804,0.31724370253727796,0.14581389715264859,0.11375338142991231,0.22560633817639836,0.033568646647844064,0.22642309113739445,0.0,0.059992573413137185,0.01363620981510695,0.09170406477585258,0.0,0.24669447603076966,0.047793286024543136,0.028028772281371933,0.33129058192667704,0.37418449662866476,0.6650205002098266,0.3840168326061977,0.4057902989284896,0.03428626101886023,0.20161943153884127,0.0,0.9999999999999999,1.0,1.0,0.03454910664363095,0.12658462461670983,0.0,0.0
0.6272871725424557,0.16065685988323347,0.529234353630665,0.15518535441566167,0.163653667529075,0.5304026967618647,0.27292754648772094,0.7266780162837557,0.409843428584332,0.17727237926853645,0.312874048083298,0.8024907644177182,0.8936739028410265,0.455064885771313,0.822938516023593,0.7831750340222358,0.9837602613650753,0.21267389133497772,0.17859733033558356,0.4909923036742504,0.08363417560859572,0.5070321681402077,0.8249124574555982,0.03495052113119083,0.28065418592261965,0.11281911700431296,0.3638203586956134,0.3323880611681855,0.29500587583425963,0.1561313107576466,0.16135258523191987,0.36595410422161945,0.5990986198435231,0.05626368740116381,0.681033317719635,0.31805895805600826,0.2713463044607738,0.7263766593664827,0.6186517725487433,0.11339134657637473,0.1404152931666347,0.35857652000723,0.012958098874888052,0.41357124605857265,0.2921552019316734,0.5426275347222752,0.3184210399451419,0.5577590096267622,0.386434085549866,0.6482909557555527,0.26574403268113633,0.4879025092958972,0.631998305853533,0.07291223434156431,0.5557432713993926,0.5637895311244425,0.4117317376930927,0.10970598696927919,0.22099680956256607,0.19624468132602646,0.37307136432906907,0.3728679977916071,0.373071000053586,0.7434291441300618,0.7317837231298154,0.6117597691807848,0.7048846351916602
0.6984078427369341,0.2958160585212098,0.4540643355818449,0.27730353046367134,0.44005786072624126,0.6864447332664341,0.6150494582646129,0.5670774021609055,0.45114627784669803,0.46523055622756715,0.19827778214968292,0.4720501431627313,0.4851166116529628,0.1603674220955542,0.36517745694557935,0.4698154507099417,0.5575627227573475,0.20789491680909522,0.46687107978627695,0.35478776286488667,0.004630296879479093,0.35074164787018114,0.15568721437937402,0.09148506869105164,0.15537017151592492,0.08569335373097578,0.21473009353452466,0.23107085219416962,0.08671146685415664,0.08848198720468206,0.05911507160173915,0.3144163440635739,0.5582240924488254,0.07238430651793043,0.6228773069825031,0.2636451436270113,0.12025080197398899,0.6762641177444506,0.5797476577688038,0.9369296406220968,0.1150014691683624,0.31854613104313284,0.11901688955607617,0.17187853240699447,1.0,0.5763568161479176,0.7248697193991247,0.5135839130169311,1.0,0.45197266669666536,0.4124000132104503,0.46306818292906426,0.682355175078821,0.12077857258626837,0.47353819177958084,0.6082865908709719,0.7062600296985013,0.11904067116477995,0.20196230505031376,0.44198436386124523,0.4953874396515764,0.4951804913262842,0.4953870678921574,0.3829385350201367,0.16639172178839168,0.49949301634735077,0.17055298256613477
0.7795958322738575,0.3060724684554636,0.5989792503450444,0.30196964253867403,0.4896241033924303,0.7482356698797608,0.6043403656973527,0.726492771091623,0.44672672108554823,0.48483943608485336,0.3342554564415825,0.5730394206107695,0.24893179450781355,0.3206876538430922,0.2542696223000137,0.727106745039016,0.6959464614594241,0.2704365755485656,0.48713742798654347,0.46854393021308915,0.15884711501257864,0.4361652528816049,0.03775395096356288,0.20903926163412034,0.47076894405250763,0.12434807354684077,0.2108449396953611,0.2957894361246078,0.11576081940089115,0.20228679608132136,0.12551305481063268,0.32648735108702076,0.5805629712495511,0.17363623700487016,0.4729398196738478,0.18137994283860728,0.05051048661750368,0.567146090735039,0.594270213322907,0.04814027991380332,0.17146457685521255,0.44129178753121284,0.2214929577081293,0.9999999999999999,0.37316087766973294,0.3317541457417169,0.5296527737014926,0.38225050547617584,0.7774468295514402,0.48619423941110285,0.12400528499178165,0.2139951392603973,0.5405642005476868,0.13135571583222144,0.43092117302112515,0.6055554511010758,0.2779800265990644,0.124621416208202,0.34637503311633705,0.9514505732032428,0.5585695625327284,0.5583565601287033,0.5585692039301657,0.37567200552692154,0.2706772103457711,0.5018891655705698,0.27431789194434214
0.5908504203647783,0.03184403187985302,0.4381051722415067,0.030991512473522942,0.29858537385549627,0.3824810124467528,0.16600700102745164,0.4970711115832528,0.10336752307500607,0.26917185029358337,0.10200620773220462,0.5395967316992198,0.7188359236707191,0.21292933949095488,0.21763752151809024,0.5916416208805442,0.7363535337057163,0.05493710097308763,0.2707545347685637,0.37235691270018234,0.1446093537750998,0.6438385315262456,0.8993450011547051,0.029853568926734977,0.05800451695584899,0.12475172076927837,0.33027171587374143,0.29632640561733115,0.28449358851949774,0.20138382811031066,0.14118318071153324,0.2696396576802454,0.5019942578865242,0.045057289455244835,0.6040504637682004,0.2823103812818324,0.18076693463520419,0.6220703438167201,0.5229887473543546,0.1234848393459611,0.1600393895986505,0.2880631878895656,0.0,0.939353915711376,0.10912710173991459,0.4732489410643449,0.255236866110362,0.5701455498782311,0.2099331178212606,0.5775650013658377,0.12728096478612255,0.4978147894392059,0.5243280419751091,0.07116265902845677,0.7884950729745528,0.3132456399979795,0.47245316785720726,0.14539580935806123,0.2270608723217094,0.06349098968808586,0.19571873083765678,0.19585264398710728,0.19571846636572027,0.7074215202303442,0.6523619754971299,0.33625738128185734,0.65409733791378
0.7146792363265378,0.386600791008713,0.4837979737886383,0.3983727166754489,0.7404841740524857,0.6292412278361805,0.484287800061526,0.7295586775213451,0.30608613567685783,0.7484299153899625,0.7876799616781601,0.7314574906846674,0.1988169520504084,0.6332804134371719,0.20946106824358757,1.0,0.7519074951264736,0.4322533123987018,0.7503229848916022,1.0,0.7365678955178397,0.8606451129776407,0.03606128522206539,0.3307737972246119,0.735905920587034,0.12450944469596667,0.24824429212546445,0.24056503535793128,0.1702683602492011,0.1547275383791479,0.11768135844347889,0.510719085059295,0.775066585476336,0.33257573092027853,0.6253650103088706,0.3980432239528944,0.12848162012141784,0.7898921409175419,0.7899507870941228,0.10372222250276408,0.4474883770493664,0.6696304451361532,0.2901161037258605,0.28996831149373825,0.46417799737610493,0.15872050399373125,0.2811703572537213,0.22842075499377112,0.9830935119225421,0.34572263874479664,1.0,0.15877994894409828,0.5082642065436173,0.2901615791475088,0.4766671334146875,0.798153038896533,0.48096161299274254,0.07779857128640197,0.3944664817446088,0.6196696987216805,0.35353235688125695,0.3533532496708172,0.3535319981407457,0.1498803414719817,0.21898370724701616,0.33539204320474025,0.22304124218471694
0.5795822031145007,0.09866758689570992,0.3111997022589652,0.08202399221057732,0.3087940114889996,0.3784346413346107,0.3390993688262663,0.6142410777625772,0.23406266331991776,0.28244743080875,0.23672119762584895,0.5957093708788299,0.5625596329302271,0.26110774496041195,0.3722526494707581,0.6102554754852151,0.8413111289744409,0.2995896837313622,0.284065232294321,0.4597995524252967,0.10579656725277946,0.41656126759934975,0.17035974273409535,0.07838289264861414,0.29052921901046236,0.08009227844188652,0.2992958032173568,0.2362112116361162,0.19762082815758208,0.2509726928189069,0.06624318877509104,0.31341686280638154,0.4521362660778696,0.06546600058385266,0.4715547839665397,0.22328671760614952,0.10238813052685425,0.5275682313488377,0.4694999508824861,0.40286135387304434,0.0,0.25593564102923866,0.009389850921685622,0.09089123965011547,0.3404299716591781,0.45022712339725635,0.4136646175722313,0.44972644556732894,0.6077881180878674,0.5309087669615804,0.3634655506768125,0.29452391565491465,0.6148800804208798,0.07165554947039057,0.4371611943944537,0.5085014608311657,0.33619454443162033,0.08913498881200455,0.1410797725861585,0.22874157972196674,0.5448619200330812,0.5443652461899524,0.5448615576490399,0.5583529758263241,0.11305385905533849,0.4083816634665024,0.11748137529378272
0.694003091237042,0.20433871728455028,0.4844796160230581,0.21049580235693616,0.5243532263385751,0.7268864832220725,0.5498837317508187,0.7978980817443996,0.38300948738722496,0.5664842151461882,0.2977611641430591,0.5128429141290846,0.4297425407759945,0.38103886185937286,0.2649586061192587,0.9312896425761059,0.7271737917812677,0.35761410658658765,0.5679613606390594,0.6035449881681151,0.23526925565818607,0.44629850266626314,0.1435289276226707,0.3798922805463083,0.39896554552759694,0.15785538017110173,0.24437604299225874,0.2169466007451636,0.1260428855625399,0.12468399648017045,0.09000594995316934,0.40629106716390295,0.6191648391811104,0.4296862819842099,0.5223469043417097,0.2907561575613222,0.0678957785522683,0.6926110515140207,0.6345871564724695,0.14810373525743437,0.3088260686369285,0.6059876482837203,0.3430131224739481,0.5967539286556317,0.1534613752314576,0.27089137320994106,0.1775717929523912,0.4313838784821204,0.20977823689544275,0.5069790338237683,0.29629581057230303,0.3051958380802392,0.4233817412810885,0.12578292152599027,0.44477778610939983,0.8788350708326939,0.5576268687159949,0.08058967881132353,0.3236999803004623,0.5979048726621596,0.5007393889818507,0.4985795227286505,0.5007390179074853,0.048059155211317345,0.12792407120906218,0.2538545420346304,0.13227735734182172
0.7718907143325652,0.06756741289947876,0.46012990407930077,0.06727919812830085,0.2636586837372035,0.8361350441709616,0.3353433907420769,0.9259571389985116,0.2181825624777155,0.2741962563543078,0.19231048062670494,0.7265677416114102,0.3419941987074011,0.1993747840412583,0.3013592232675514,0.8396913290927175,0.589700438769586,0.3020533557634416,0.2735184593591512,0.4670588151169177,0.06969592285911398,0.47877726220166306,0.3704936904304065,0.11330233734599068,0.19261163206609827,0.09221367850251025,0.12895962528064825,0.22988367290877415,0.12886524633471164,0.1509343652688427,0.12886844386431906,0.5197170188649084,0.742404474933778,0.19908006553735938,0.9284603914034324,0.5606852607782984,0.23151451890388447,0.8621711299122474,0.7709337815552953,0.31452622943007125,0.5307753170216806,0.7105719197578086,0.45347639326741696,0.3364247252355438,0.06390207844015665,0.3454090475264937,0.14939831106141477,0.6134473734916981,0.3156894611019571,0.06332078320533115,0.32164616213404373,0.3706892045779544,0.5329888474435087,0.0,0.7917413646743667,0.26316171046483683,1.0,0.9999999999999998,0.2800284359534731,0.27736858001120773,0.24835951783212762,0.24821545195604283,0.24835921156114443,0.37784794061705823,0.5928496391866536,0.3184361970672118,0.4935367053447192
0.6629530972632226,0.19459091648189225,0.5490031135678648,0.1572294837498655,0.7904260533502327,0.45653856273808824,0.7252662885764449,0.8861856476076054,0.5535122955575371,0.7550230265377884,1.0,1.0,0.49843409615224443,1.0,0.9999999999999999,0.707620580876771,0.6273637502457183,0.5362903586856967,0.7559792929552944,0.5703793292621665,0.5018976149258623,0.710206725797387,0.1059485840909575,0.4334683765651752,0.8926444364425838,0.20284626277723278,0.36647550559210407,0.32706777498954953,0.20902148696543332,0.08383527124971124,0.2278571025830322,0.4407698091696222,0.6879407288706476,0.26558744805381496,0.5698271552311382,0.23553099220536802,0.14047956104368084,0.7329923992039509,0.699641469884971,0.027212013569362092,0.2337996798004317,0.5317069389119733,0.12786273397950246,0.31908912394315847,0.24966684359591287,0.17659150195888587,0.26663857965551907,0.21498079969197276,0.3828139146311357,0.038412282684699664,0.05906372073095735,0.14700065368626405,0.5086452538569628,0.17258604052573495,0.3800432627747175,0.8327566505755161,0.40116375658795844,0.4596706518474924,0.2845319675356908,0.3555361137468274,0.958807612162473,0.9586319778037524,0.9588075613532048,0.15914350555189283,0.225224970647937,0.5418162843251698,0.22909254373410376
0.6088082281513009,0.3108890960968404,0.6781440051102456,0.28308498268579213,0.7188044978207946,0.7689376348010972,0.8965202725400223,0.49726601895168276,0.5343119758949069,0.6964724622178458,0.37988027950047953,0.6837149948547956,0.41402807862309055,0.06369015317204868,0.22352227127422108,0.7078833934211007,0.4660820197862135,0.5207076375697943,0.697657299306498,0.7511391451750482,0.31843200274834493,0.5538450861471196,0.19401263078616085,0.19880373168718296,0.25903311921108735,0.10870707328635512,0.23365815588690558,0.16256119334627311,0.11846510196500042,0.08774945242230794,0.10440910020330084,0.36613372392057647,0.6878399053646248,0.1599672522618133,0.5607552607982719,0.23206697638101534,0.1484757760395487,0.6580686860187659,0.7153910029541211,0.507085652969228,0.08469496471001581,0.44686252569532287,0.13573046798709734,0.2211212364708547,0.2128270330297139,0.3841155932026262,0.4049918609121832,0.4405246669718144,0.35077912868068567,0.055939878641219035,0.12459640869281005,0.2618119851030254,0.6769070090245087,0.12084247659875882,0.43373483707829946,0.8095182161080366,0.17543924563148616,0.422673629985376,0.1313781331247561,0.3015621727135324,0.45022582311247916,0.4494032862033572,0.45022544885804966,0.4598865828429333,0.30201299613022214,0.5424352920830259,0.259863038743883
0.7701881160345828,0.2682382752946571,0.6538339014954051,0.27604539420978474,0.8436129031272253,0.5699938322529707,0.7409256334570795,0.9724630828808919,0.25080671345025995,0.8346363764443951,0.7482345086020581,0.7357618894559614,0.19810254123540338,0.6001643288434562,0.23508802252785044,0.9646501691848763,0.6168764701392545,0.8243426426546714,0.8353099974178644,0.8325548992635566,1.0,0.8782688642753071,0.10216327423402718,0.5606480189705589,0.7582234410701707,0.1829138628509403,0.3999849576557619,0.3095317875787806,0.1881629615433561,0.19126950584363853,0.09744427785476296,0.5509848102039638,0.6140236580550843,0.6819690994501277,0.3878510263858075,0.17645751105343618,0.15976662959423674,0.6049981555084254,0.6304155867769619,0.28006967840636143,0.2748167182898662,0.5764110807083049,0.297757036023936,0.3303430586429722,0.10197870881532169,0.03401700940123323,0.16623585662886908,0.0661550335690353,0.15026368507658733,0.0,0.0,0.01167689339435865,0.5296335205327592,0.2167954099066887,0.3816485538038746,0.7613044506004645,0.31096508925972643,0.26956964952538404,0.6703636409942062,0.48998617026903074,0.40997204510208674,0.4097597780719459,0.4099718238212638,0.0,0.008522219833050987,0.29422731923719636,0.013471544001789404
0.9999999999999999,0.41402290604536834,0.7581287124102403,0.4108519788330636,0.95376278998737,0.897197818809758,0.9553769342923313,0.8138614300065264,0.19353031520559516,0.9349179944023382,0.35596877644718383,0.7254302604340219,0.0,0.15631456015941064,0.04768344850264117,0.8883245557610104,0.515298510108177,1.0,0.9351954098818775,0.6702073283814358,0.36875333135620225,0.7936960561810409,0.06803547980082833,0.36264456830465575,0.7747662143965781,0.05220408561725759,0.285294219938917,0.3331280717196486,0.09619578651981016,0.12023829674972789,0.0,0.829840873684665,0.9999999999999999,0.8725013158282194,0.7604878491523187,0.33656685752550475,0.5040003113230963,1.0,0.9999999999999999,0.7456701597871502,0.9999999999999999,1.0,0.9999999999999999,0.9399788523793832,0.47721029892688915,0.22756556860294294,0.3735075280602186,0.3411437107130822,0.7839068888722893,0.06583206945277494,0.03167885575569199,0.1140764967902336,0.6727489486751593,0.057634165599353665,0.31430108266917184,0.8158340985758924,0.0,0.49010947161634905,1.0,1.0,0.718356611066835,0.7188088388333744,0.7183563318511692,0.0833985195277861,0.03973044618336885,0.29375112278733584,0.046300473276219445
